InstanceType,AcceleratorName,AcceleratorCount,vCPUs,MemoryGiB,GpuInfo,Price,SpotPrice,Region,Generation
Basic_A0,,,1.0,0.75,,0.018,0.0126,westeurope,V1
Basic_A1,,,1.0,1.75,,0.027,0.0189,westeurope,V1
Basic_A2,,,2.0,3.5,,0.078,0.0546,westeurope,V1
Basic_A3,,,4.0,7,,0.204,0.1428,westeurope,V1
Basic_A4,,,8.0,14,,0.408,0.2856,westeurope,V1
Standard_A0,,,1.0,0.75,,0.02,0.014,westeurope,V1
Standard_A1,,,1.0,1.75,,0.06,0.042,westeurope,V1
Standard_A1_v2,,,1.0,2,,0.041,0.00451,westeurope,V1
Standard_A2,,,2.0,3.5,,0.12,0.084,westeurope,V1
Standard_A2m_v2,,,2.0,16,,0.113,0.01243,westeurope,V1
Standard_A2_v2,,,2.0,4,,0.0861,0.009471,westeurope,V1
Standard_A3,,,4.0,7,,0.24,0.168,westeurope,V1
Standard_A4,,,8.0,14,,0.48,0.336,westeurope,V1
Standard_A4m_v2,,,4.0,32,,0.226,0.02486,westeurope,V1
Standard_A4_v2,,,4.0,8,,0.182,0.02002,westeurope,V1
Standard_A5,,,2.0,14,,0.27,0.189,westeurope,V1
Standard_A6,,,4.0,28,,0.54,0.378,westeurope,V1
Standard_A7,,,8.0,56,,1.08,0.756,westeurope,V1
Standard_A8m_v2,,,8.0,64,,0.453,0.04983,westeurope,V1
Standard_A8_v2,,,8.0,16,,0.38,0.0418,westeurope,V1
Standard_B12ms,,,12.0,48,,0.576,,westeurope,"V1,V2"
Standard_B16als_v2,,,16.0,32,,0.686,0.1683,westeurope,"V1,V2"
Standard_B16als_v2,,,16.0,32,,0.612,0.1683,westeurope,"V1,V2"
Standard_B16as_v2,,,16.0,64,,0.765,0.190025,westeurope,"V1,V2"
Standard_B16as_v2,,,16.0,64,,0.691,0.190025,westeurope,"V1,V2"
Standard_B16ls_v2,,,16.0,32,,0.68,0.187,westeurope,"V1,V2"
Standard_B16ls_v2,,,16.0,32,,0.754,0.187,westeurope,"V1,V2"
Standard_B16ms,,,16.0,64,,0.768,,westeurope,"V1,V2"
Standard_B16pls_v2,,,16.0,32,,0.544,0.1496,westeurope,"V1,V2"
Standard_B16pls_v2,,,16.0,32,,0.618,0.1496,westeurope,"V1,V2"
Standard_B16ps_v2,,,16.0,64,,0.688,0.16885,westeurope,"V1,V2"
Standard_B16ps_v2,,,16.0,64,,0.614,0.16885,westeurope,"V1,V2"
Standard_B16s_v2,,,16.0,64,,0.842,0.2112,westeurope,"V1,V2"
Standard_B16s_v2,,,16.0,64,,0.768,0.2112,westeurope,"V1,V2"
Standard_B1ls,,,1.0,0.5,,0.006,,westeurope,"V1,V2"
Standard_B1ms,,,1.0,2,,0.024,,westeurope,"V1,V2"
Standard_B1s,,,1.0,1,,0.012,,westeurope,"V1,V2"
Standard_B20ms,,,20.0,80,,0.96,,westeurope,"V1,V2"
Standard_B2als_v2,,,2.0,4,,0.0524,0.01188,westeurope,"V1,V2"
Standard_B2als_v2,,,2.0,4,,0.0432,0.01188,westeurope,"V1,V2"
Standard_B2as_v2,,,2.0,8,,0.0956,0.02376,westeurope,"V1,V2"
Standard_B2as_v2,,,2.0,8,,0.0864,0.02376,westeurope,"V1,V2"
Standard_B2ats_v2,,,2.0,1,,0.02,0.00297,westeurope,"V1,V2"
Standard_B2ats_v2,,,2.0,1,,0.0108,0.00297,westeurope,"V1,V2"
Standard_B2ls_v2,,,2.0,4,,0.048,0.0132,westeurope,"V1,V2"
Standard_B2ls_v2,,,2.0,4,,0.0572,0.0132,westeurope,"V1,V2"
Standard_B2ms,,,2.0,8,,0.096,,westeurope,"V1,V2"
Standard_B2pls_v2,,,2.0,4,,0.0384,0.01056,westeurope,"V1,V2"
Standard_B2pls_v2,,,2.0,4,,0.0476,0.01056,westeurope,"V1,V2"
Standard_B2ps_v2,,,2.0,8,,0.0768,0.02112,westeurope,"V1,V2"
Standard_B2ps_v2,,,2.0,8,,0.086,0.02112,westeurope,"V1,V2"
Standard_B2pts_v2,,,2.0,1,,0.0096,0.00264,westeurope,"V1,V2"
Standard_B2pts_v2,,,2.0,1,,0.0188,0.00264,westeurope,"V1,V2"
Standard_B2s,,,2.0,4,,0.048,,westeurope,"V1,V2"
Standard_B2s_v2,,,2.0,8,,0.105,0.0264,westeurope,"V1,V2"
Standard_B2s_v2,,,2.0,8,,0.096,0.0264,westeurope,"V1,V2"
Standard_B2ts_v2,,,2.0,1,,0.0212,0.0033,westeurope,"V1,V2"
Standard_B2ts_v2,,,2.0,1,,0.012,0.0033,westeurope,"V1,V2"
Standard_B32als_v2,,,32.0,64,,1.224,0.3366,westeurope,"V1,V2"
Standard_B32als_v2,,,32.0,64,,1.371,0.3366,westeurope,"V1,V2"
Standard_B32as_v2,,,32.0,128,,1.382,0.38005,westeurope,"V1,V2"
Standard_B32as_v2,,,32.0,128,,1.53,0.38005,westeurope,"V1,V2"
Standard_B32ls_v2,,,32.0,64,,1.36,0.374,westeurope,"V1,V2"
Standard_B32ls_v2,,,32.0,64,,1.507,0.374,westeurope,"V1,V2"
Standard_B32s_v2,,,32.0,128,,1.536,0.4224,westeurope,"V1,V2"
Standard_B32s_v2,,,32.0,128,,1.683,0.4224,westeurope,"V1,V2"
Standard_B4als_v2,,,4.0,8,,0.171,0.042075,westeurope,"V1,V2"
Standard_B4als_v2,,,4.0,8,,0.153,0.042075,westeurope,"V1,V2"
Standard_B4as_v2,,,4.0,16,,0.191,0.047575,westeurope,"V1,V2"
Standard_B4as_v2,,,4.0,16,,0.173,0.047575,westeurope,"V1,V2"
Standard_B4ls_v2,,,4.0,8,,0.188,0.04675,westeurope,"V1,V2"
Standard_B4ls_v2,,,4.0,8,,0.17,0.04675,westeurope,"V1,V2"
Standard_B4ms,,,4.0,16,,0.192,,westeurope,"V1,V2"
Standard_B4pls_v2,,,4.0,8,,0.136,0.0374,westeurope,"V1,V2"
Standard_B4pls_v2,,,4.0,8,,0.154,0.0374,westeurope,"V1,V2"
Standard_B4ps_v2,,,4.0,16,,0.172,0.04235,westeurope,"V1,V2"
Standard_B4ps_v2,,,4.0,16,,0.154,0.04235,westeurope,"V1,V2"
Standard_B4s_v2,,,4.0,16,,0.21,0.0528,westeurope,"V1,V2"
Standard_B4s_v2,,,4.0,16,,0.192,0.0528,westeurope,"V1,V2"
Standard_B8als_v2,,,8.0,16,,0.306,0.08415,westeurope,"V1,V2"
Standard_B8als_v2,,,8.0,16,,0.343,0.08415,westeurope,"V1,V2"
Standard_B8as_v2,,,8.0,32,,0.346,0.09515,westeurope,"V1,V2"
Standard_B8as_v2,,,8.0,32,,0.382,0.09515,westeurope,"V1,V2"
Standard_B8ls_v2,,,8.0,16,,0.377,0.0935,westeurope,"V1,V2"
Standard_B8ls_v2,,,8.0,16,,0.34,0.0935,westeurope,"V1,V2"
Standard_B8ms,,,8.0,32,,0.384,,westeurope,"V1,V2"
Standard_B8pls_v2,,,8.0,16,,0.309,0.0748,westeurope,"V1,V2"
Standard_B8pls_v2,,,8.0,16,,0.272,0.0748,westeurope,"V1,V2"
Standard_B8ps_v2,,,8.0,32,,0.307,0.084425,westeurope,"V1,V2"
Standard_B8ps_v2,,,8.0,32,,0.344,0.084425,westeurope,"V1,V2"
Standard_B8s_v2,,,8.0,32,,0.384,0.1056,westeurope,"V1,V2"
Standard_B8s_v2,,,8.0,32,,0.421,0.1056,westeurope,"V1,V2"
Standard_D1,,,1.0,3.5,,0.084,0.00924,westeurope,V1
Standard_D11,,,2.0,14,,0.221,0.02431,westeurope,V1
Standard_D11_v2,,,2.0,14,,0.19,0.0209,westeurope,V1
Standard_D11_v2_Promo,,,2.0,14,,0.0379,,westeurope,V1
Standard_D12,,,4.0,28,,0.442,0.04862,westeurope,V1
Standard_D12_v2,,,4.0,28,,0.379,0.04169,westeurope,V1
Standard_D12_v2_Promo,,,4.0,28,,0.0759,,westeurope,V1
Standard_D13,,,8.0,56,,0.885,0.09735,westeurope,V1
Standard_D13_v2,,,8.0,56,,0.759,0.08349,westeurope,V1
Standard_D13_v2_Promo,,,8.0,56,,0.152,,westeurope,V1
Standard_D14,,,16.0,112,,1.769,0.19459,westeurope,V1
Standard_D14_v2,,,16.0,112,,1.518,0.16698,westeurope,V1
Standard_D14_v2_Promo,,,16.0,112,,0.304,,westeurope,V1
Standard_D15_v2,,,20.0,140,,1.897,0.20867,westeurope,V1
Standard_D16ads_v5,,,16.0,64,,1.0,0.11,westeurope,"V1,V2"
Standard_D16ads_v5,,,16.0,64,,1.736,0.11,westeurope,"V1,V2"
Standard_D16as_v4,,,16.0,64,,0.92,0.1012,westeurope,"V1,V2"
Standard_D16as_v5,,,16.0,64,,0.832,0.09152,westeurope,"V1,V2"
Standard_D16as_v5,,,16.0,64,,1.568,0.09152,westeurope,"V1,V2"
Standard_D16a_v4,,,16.0,64,,0.92,0.1012,westeurope,"V1,V2"
Standard_D16ds_v4,,,16.0,64,,1.088,0.120006,westeurope,"V1,V2"
Standard_D16ds_v5,,,16.0,64,,1.088,0.11968,westeurope,"V1,V2"
Standard_D16d_v4,,,16.0,64,,1.088,0.120006,westeurope,"V1,V2"
Standard_D16d_v5,,,16.0,64,,1.088,0.11968,westeurope,"V1,V2"
Standard_D16lds_v5,,,16.0,32,,0.888,0.09768,westeurope,"V1,V2"
Standard_D16ls_v5,,,16.0,32,,0.776,0.08536,westeurope,"V1,V2"
Standard_D16pds_v5,,,16.0,64,,0.872,0.09592,westeurope,V2
Standard_D16plds_v5,,,16.0,32,,0.712,0.084158,westeurope,V2
Standard_D16pls_v5,,,16.0,32,,0.621,0.073464,westeurope,V2
Standard_D16ps_v5,,,16.0,64,,0.736,0.08096,westeurope,V2
Standard_D16s_v3,,,16.0,64,,0.96,0.1056,westeurope,"V1,V2"
Standard_D16s_v4,,,16.0,64,,0.92,0.101476,westeurope,"V1,V2"
Standard_D16s_v5,,,16.0,64,,0.92,0.1012,westeurope,"V1,V2"
Standard_D16_v3,,,16.0,64,,0.96,0.1056,westeurope,V1
Standard_D16_v4,,,16.0,64,,0.92,0.101476,westeurope,"V1,V2"
Standard_D16_v5,,,16.0,64,,0.92,0.1012,westeurope,"V1,V2"
Standard_D1_v2,,,1.0,3.5,,0.0679,0.007469,westeurope,V1
Standard_D2,,,2.0,7,,0.168,0.01848,westeurope,V1
Standard_D2ads_v5,,,2.0,8,,0.217,0.01375,westeurope,"V1,V2"
Standard_D2ads_v5,,,2.0,8,,0.125,0.01375,westeurope,"V1,V2"
Standard_D2as_v4,,,2.0,8,,0.115,0.01265,westeurope,"V1,V2"
Standard_D2as_v5,,,2.0,8,,0.196,0.01144,westeurope,"V1,V2"
Standard_D2as_v5,,,2.0,8,,0.104,0.01144,westeurope,"V1,V2"
Standard_D2a_v4,,,2.0,8,,0.115,0.01265,westeurope,"V1,V2"
Standard_D2ds_v4,,,2.0,8,,0.136,0.015001,westeurope,"V1,V2"
Standard_D2ds_v5,,,2.0,8,,0.136,0.01496,westeurope,"V1,V2"
Standard_D2d_v4,,,2.0,8,,0.136,0.015001,westeurope,"V1,V2"
Standard_D2d_v5,,,2.0,8,,0.136,0.01496,westeurope,"V1,V2"
Standard_D2lds_v5,,,2.0,4,,0.111,0.01221,westeurope,"V1,V2"
Standard_D2ls_v5,,,2.0,4,,0.097,0.01067,westeurope,"V1,V2"
Standard_D2pds_v5,,,2.0,8,,0.109,0.01199,westeurope,V2
Standard_D2plds_v5,,,2.0,4,,0.089,0.010529,westeurope,V2
Standard_D2pls_v5,,,2.0,4,,0.0776,0.009172,westeurope,V2
Standard_D2ps_v5,,,2.0,8,,0.092,0.01012,westeurope,V2
Standard_D2s_v3,,,2.0,8,,0.12,0.0132,westeurope,"V1,V2"
Standard_D2s_v4,,,2.0,8,,0.115,0.012684,westeurope,"V1,V2"
Standard_D2s_v5,,,2.0,8,,0.115,0.01265,westeurope,"V1,V2"
Standard_D2_v2,,,2.0,7,,0.136,0.01496,westeurope,V1
Standard_D2_v2_Promo,,,2.0,7,,0.027,,westeurope,V1
Standard_D2_v3,,,2.0,8,,0.12,0.0132,westeurope,V1
Standard_D2_v4,,,2.0,8,,0.115,0.012684,westeurope,"V1,V2"
Standard_D2_v5,,,2.0,8,,0.115,0.01265,westeurope,"V1,V2"
Standard_D3,,,4.0,14,,0.336,0.03696,westeurope,V1
Standard_D32ads_v5,,,32.0,128,,3.472,0.22,westeurope,"V1,V2"
Standard_D32ads_v5,,,32.0,128,,2.0,0.22,westeurope,"V1,V2"
Standard_D32as_v4,,,32.0,128,,1.84,0.2024,westeurope,"V1,V2"
Standard_D32as_v5,,,32.0,128,,1.664,0.18304,westeurope,"V1,V2"
Standard_D32as_v5,,,32.0,128,,3.136,0.18304,westeurope,"V1,V2"
Standard_D32a_v4,,,32.0,128,,1.84,0.2024,westeurope,"V1,V2"
Standard_D32ds_v4,,,32.0,128,,2.176,0.240013,westeurope,"V1,V2"
Standard_D32ds_v5,,,32.0,128,,2.176,0.23936,westeurope,"V1,V2"
Standard_D32d_v4,,,32.0,128,,2.176,0.240013,westeurope,"V1,V2"
Standard_D32d_v5,,,32.0,128,,2.176,0.23936,westeurope,"V1,V2"
Standard_D32lds_v5,,,32.0,64,,1.776,0.19536,westeurope,"V1,V2"
Standard_D32ls_v5,,,32.0,64,,1.552,0.17072,westeurope,"V1,V2"
Standard_D32pds_v5,,,32.0,128,,1.744,0.19184,westeurope,V2
Standard_D32plds_v5,,,32.0,64,,1.424,0.168317,westeurope,V2
Standard_D32pls_v5,,,32.0,64,,1.242,0.146804,westeurope,V2
Standard_D32ps_v5,,,32.0,128,,1.472,0.16192,westeurope,V2
Standard_D32s_v3,,,32.0,128,,1.92,0.2112,westeurope,"V1,V2"
Standard_D32s_v4,,,32.0,128,,1.84,0.202952,westeurope,"V1,V2"
Standard_D32s_v5,,,32.0,128,,1.84,0.2024,westeurope,"V1,V2"
Standard_D32_v3,,,32.0,128,,1.92,0.2112,westeurope,V1
Standard_D32_v4,,,32.0,128,,1.84,0.202952,westeurope,"V1,V2"
Standard_D32_v5,,,32.0,128,,1.84,0.2024,westeurope,"V1,V2"
Standard_D3_v2,,,4.0,14,,0.272,0.02992,westeurope,V1
Standard_D3_v2_Promo,,,4.0,14,,0.054,,westeurope,V1
Standard_D4,,,8.0,28,,0.672,0.07392,westeurope,V1
Standard_D48ads_v5,,,48.0,192,,3.0,0.33,westeurope,"V1,V2"
Standard_D48ads_v5,,,48.0,192,,5.208,0.33,westeurope,"V1,V2"
Standard_D48as_v4,,,48.0,192,,2.76,0.3036,westeurope,"V1,V2"
Standard_D48as_v5,,,48.0,192,,2.496,0.27456,westeurope,"V1,V2"
Standard_D48as_v5,,,48.0,192,,4.704,0.27456,westeurope,"V1,V2"
Standard_D48a_v4,,,48.0,192,,2.76,0.3036,westeurope,"V1,V2"
Standard_D48ds_v4,,,48.0,192,,3.264,0.360019,westeurope,"V1,V2"
Standard_D48ds_v5,,,48.0,192,,3.264,0.35904,westeurope,"V1,V2"
Standard_D48d_v4,,,48.0,192,,3.264,0.360019,westeurope,"V1,V2"
Standard_D48d_v5,,,48.0,192,,3.264,0.35904,westeurope,"V1,V2"
Standard_D48lds_v5,,,48.0,96,,2.664,0.29304,westeurope,"V1,V2"
Standard_D48ls_v5,,,48.0,96,,2.328,0.25608,westeurope,"V1,V2"
Standard_D48pds_v5,,,48.0,192,,2.616,0.28776,westeurope,V2
Standard_D48plds_v5,,,48.0,96,,2.136,0.252475,westeurope,V2
Standard_D48pls_v5,,,48.0,96,,1.862,0.220088,westeurope,V2
Standard_D48ps_v5,,,48.0,192,,2.208,0.24288,westeurope,V2
Standard_D48s_v3,,,48.0,192,,2.88,0.3168,westeurope,"V1,V2"
Standard_D48s_v4,,,48.0,192,,2.76,0.304428,westeurope,"V1,V2"
Standard_D48s_v5,,,48.0,192,,2.76,0.3036,westeurope,"V1,V2"
Standard_D48_v3,,,48.0,192,,2.88,0.3168,westeurope,V1
Standard_D48_v4,,,48.0,192,,2.76,0.304428,westeurope,"V1,V2"
Standard_D48_v5,,,48.0,192,,2.76,0.3036,westeurope,"V1,V2"
Standard_D4ads_v5,,,4.0,16,,0.434,0.0275,westeurope,"V1,V2"
Standard_D4ads_v5,,,4.0,16,,0.25,0.0275,westeurope,"V1,V2"
Standard_D4as_v4,,,4.0,16,,0.23,0.0253,westeurope,"V1,V2"
Standard_D4as_v5,,,4.0,16,,0.392,0.02288,westeurope,"V1,V2"
Standard_D4as_v5,,,4.0,16,,0.208,0.02288,westeurope,"V1,V2"
Standard_D4a_v4,,,4.0,16,,0.23,0.0253,westeurope,"V1,V2"
Standard_D4ds_v4,,,4.0,16,,0.272,0.030002,westeurope,"V1,V2"
Standard_D4ds_v5,,,4.0,16,,0.272,0.02992,westeurope,"V1,V2"
Standard_D4d_v4,,,4.0,16,,0.272,0.030002,westeurope,"V1,V2"
Standard_D4d_v5,,,4.0,16,,0.272,0.02992,westeurope,"V1,V2"
Standard_D4lds_v5,,,4.0,8,,0.222,0.02442,westeurope,"V1,V2"
Standard_D4ls_v5,,,4.0,8,,0.194,0.02134,westeurope,"V1,V2"
Standard_D4pds_v5,,,4.0,16,,0.218,0.02398,westeurope,V2
Standard_D4plds_v5,,,4.0,8,,0.178,0.02104,westeurope,V2
Standard_D4pls_v5,,,4.0,8,,0.155,0.018321,westeurope,V2
Standard_D4ps_v5,,,4.0,16,,0.184,0.02024,westeurope,V2
Standard_D4s_v3,,,4.0,16,,0.24,0.0264,westeurope,"V1,V2"
Standard_D4s_v4,,,4.0,16,,0.23,0.025369,westeurope,"V1,V2"
Standard_D4s_v5,,,4.0,16,,0.23,0.0253,westeurope,"V1,V2"
Standard_D4_v2,,,8.0,28,,0.544,0.05984,westeurope,V1
Standard_D4_v2_Promo,,,8.0,28,,0.109,,westeurope,V1
Standard_D4_v3,,,4.0,16,,0.24,0.0264,westeurope,V1
Standard_D4_v4,,,4.0,16,,0.23,0.025369,westeurope,"V1,V2"
Standard_D4_v5,,,4.0,16,,0.23,0.0253,westeurope,"V1,V2"
Standard_D5_v2,,,16.0,56,,1.087,0.11957,westeurope,V1
Standard_D5_v2_Promo,,,16.0,56,,0.217,,westeurope,V1
Standard_D64ads_v5,,,64.0,256,,4.0,0.44,westeurope,"V1,V2"
Standard_D64ads_v5,,,64.0,256,,6.944,0.44,westeurope,"V1,V2"
Standard_D64as_v4,,,64.0,256,,3.68,0.4048,westeurope,"V1,V2"
Standard_D64as_v5,,,64.0,256,,6.272,0.36608,westeurope,"V1,V2"
Standard_D64as_v5,,,64.0,256,,3.328,0.36608,westeurope,"V1,V2"
Standard_D64a_v4,,,64.0,256,,3.68,0.4048,westeurope,"V1,V2"
Standard_D64ds_v4,,,64.0,256,,4.352,0.480026,westeurope,"V1,V2"
Standard_D64ds_v5,,,64.0,256,,4.352,0.47872,westeurope,"V1,V2"
Standard_D64d_v4,,,64.0,256,,4.352,0.480026,westeurope,"V1,V2"
Standard_D64d_v5,,,64.0,256,,4.352,0.47872,westeurope,"V1,V2"
Standard_D64lds_v5,,,64.0,128,,3.552,0.39072,westeurope,"V1,V2"
Standard_D64ls_v5,,,64.0,128,,3.104,0.34144,westeurope,"V1,V2"
Standard_D64pds_v5,,,64.0,208,,3.488,0.38368,westeurope,V2
Standard_D64plds_v5,,,64.0,128,,2.848,0.336634,westeurope,V2
Standard_D64pls_v5,,,64.0,128,,2.483,0.293491,westeurope,V2
Standard_D64ps_v5,,,64.0,208,,2.944,0.32384,westeurope,V2
Standard_D64s_v3,,,64.0,256,,3.84,0.4224,westeurope,"V1,V2"
Standard_D64s_v4,,,64.0,256,,3.68,0.405904,westeurope,"V1,V2"
Standard_D64s_v5,,,64.0,256,,3.68,0.4048,westeurope,"V1,V2"
Standard_D64_v3,,,64.0,256,,3.84,0.4224,westeurope,V1
Standard_D64_v4,,,64.0,256,,3.68,0.405904,westeurope,"V1,V2"
Standard_D64_v5,,,64.0,256,,3.68,0.4048,westeurope,"V1,V2"
Standard_D8ads_v5,,,8.0,32,,0.5,0.055,westeurope,"V1,V2"
Standard_D8ads_v5,,,8.0,32,,0.868,0.055,westeurope,"V1,V2"
Standard_D8as_v4,,,8.0,32,,0.46,0.0506,westeurope,"V1,V2"
Standard_D8as_v5,,,8.0,32,,0.784,0.04576,westeurope,"V1,V2"
Standard_D8as_v5,,,8.0,32,,0.416,0.04576,westeurope,"V1,V2"
Standard_D8a_v4,,,8.0,32,,0.46,0.0506,westeurope,"V1,V2"
Standard_D8ds_v4,,,8.0,32,,0.544,0.060003,westeurope,"V1,V2"
Standard_D8ds_v5,,,8.0,32,,0.544,0.05984,westeurope,"V1,V2"
Standard_D8d_v4,,,8.0,32,,0.544,0.060003,westeurope,"V1,V2"
Standard_D8d_v5,,,8.0,32,,0.544,0.05984,westeurope,"V1,V2"
Standard_D8lds_v5,,,8.0,16,,0.444,0.04884,westeurope,"V1,V2"
Standard_D8ls_v5,,,8.0,16,,0.388,0.04268,westeurope,"V1,V2"
Standard_D8pds_v5,,,8.0,32,,0.436,0.04796,westeurope,V2
Standard_D8plds_v5,,,8.0,16,,0.356,0.042079,westeurope,V2
Standard_D8pls_v5,,,8.0,16,,0.31,0.036642,westeurope,V2
Standard_D8ps_v5,,,8.0,32,,0.368,0.04048,westeurope,V2
Standard_D8s_v3,,,8.0,32,,0.48,0.0528,westeurope,"V1,V2"
Standard_D8s_v4,,,8.0,32,,0.46,0.050738,westeurope,"V1,V2"
Standard_D8s_v5,,,8.0,32,,0.46,0.0506,westeurope,"V1,V2"
Standard_D8_v3,,,8.0,32,,0.48,0.0528,westeurope,V1
Standard_D8_v4,,,8.0,32,,0.46,0.050738,westeurope,"V1,V2"
Standard_D8_v5,,,8.0,32,,0.46,0.0506,westeurope,"V1,V2"
Standard_D96ads_v5,,,96.0,384,,6.0,0.66,westeurope,"V1,V2"
Standard_D96ads_v5,,,96.0,384,,10.416,0.66,westeurope,"V1,V2"
Standard_D96as_v4,,,96.0,384,,5.52,0.6072,westeurope,"V1,V2"
Standard_D96as_v5,,,96.0,384,,4.992,0.54912,westeurope,"V1,V2"
Standard_D96as_v5,,,96.0,384,,9.408,0.54912,westeurope,"V1,V2"
Standard_D96a_v4,,,96.0,384,,5.52,0.6072,westeurope,"V1,V2"
Standard_D96ds_v5,,,96.0,384,,6.528,0.71808,westeurope,"V1,V2"
Standard_D96d_v5,,,96.0,384,,6.528,0.71808,westeurope,"V1,V2"
Standard_D96lds_v5,,,96.0,192,,5.328,0.58608,westeurope,"V1,V2"
Standard_D96ls_v5,,,96.0,192,,4.656,0.51216,westeurope,"V1,V2"
Standard_D96s_v5,,,96.0,384,,5.52,0.6072,westeurope,"V1,V2"
Standard_D96_v5,,,96.0,384,,5.52,0.6072,westeurope,"V1,V2"
Standard_DC16ads_cc_v5,,,16.0,64,,1.0,0.25,westeurope,V2
Standard_DC16ads_v5,,,16.0,64,,1.0,0.7,westeurope,"V1,V2"
Standard_DC16as_cc_v5,,,16.0,64,,0.832,0.208,westeurope,V2
Standard_DC16as_v5,,,16.0,64,,0.832,0.5824,westeurope,"V1,V2"
Standard_DC16ds_v3,,,16.0,128,,2.176,0.23936,westeurope,V2
Standard_DC16eds_v5,,,16.0,64,,1.088,0.272,westeurope,V2
Standard_DC16es_v5,,,16.0,64,,0.92,0.23,westeurope,V2
Standard_DC16s_v3,,,16.0,128,,1.84,0.2024,westeurope,V2
Standard_DC1ds_v3,,,1.0,8,,0.136,0.01496,westeurope,V2
Standard_DC1s_v2,,,1.0,4,,0.115,0.01265,westeurope,V2
Standard_DC1s_v3,,,1.0,8,,0.115,0.01265,westeurope,V2
Standard_DC24ds_v3,,,24.0,192,,3.264,0.35904,westeurope,V2
Standard_DC24s_v3,,,24.0,192,,2.76,0.3036,westeurope,V2
Standard_DC2ads_v5,,,2.0,8,,0.125,0.0875,westeurope,"V1,V2"
Standard_DC2as_v5,,,2.0,8,,0.104,0.0728,westeurope,"V1,V2"
Standard_DC2ds_v3,,,2.0,16,,0.272,0.02992,westeurope,V2
Standard_DC2eds_v5,,,2.0,8,,0.136,0.034,westeurope,V2
Standard_DC2es_v5,,,2.0,8,,0.115,0.02875,westeurope,V2
Standard_DC2s_v2,,,2.0,8,,0.23,0.0253,westeurope,V2
Standard_DC2s_v3,,,2.0,16,,0.23,0.0253,westeurope,V2
Standard_DC32ads_cc_v5,,,32.0,128,,2.0,0.5,westeurope,V2
Standard_DC32ads_v5,,,32.0,128,,2.0,1.4,westeurope,"V1,V2"
Standard_DC32as_cc_v5,,,32.0,128,,1.664,0.416,westeurope,V2
Standard_DC32as_v5,,,32.0,128,,1.664,1.1648,westeurope,"V1,V2"
Standard_DC32ds_v3,,,32.0,256,,4.352,0.47872,westeurope,V2
Standard_DC32eds_v5,,,32.0,128,,2.176,0.544,westeurope,V2
Standard_DC32es_v5,,,32.0,128,,1.84,0.46,westeurope,V2
Standard_DC32s_v3,,,32.0,256,,3.68,0.4048,westeurope,V2
Standard_DC48ads_cc_v5,,,48.0,192,,3.0,0.75,westeurope,V2
Standard_DC48ads_v5,,,48.0,192,,3.0,2.1,westeurope,"V1,V2"
Standard_DC48as_cc_v5,,,48.0,192,,2.496,0.624,westeurope,V2
Standard_DC48as_v5,,,48.0,192,,2.496,1.7472,westeurope,"V1,V2"
Standard_DC48ds_v3,,,48.0,384,,6.528,0.71808,westeurope,V2
Standard_DC48eds_v5,,,48.0,192,,3.264,0.816,westeurope,V2
Standard_DC48es_v5,,,48.0,192,,2.76,0.69,westeurope,V2
Standard_DC48s_v3,,,48.0,384,,5.52,0.6072,westeurope,V2
Standard_DC4ads_cc_v5,,,4.0,16,,0.25,0.0625,westeurope,V2
Standard_DC4ads_v5,,,4.0,16,,0.25,0.175,westeurope,"V1,V2"
Standard_DC4as_cc_v5,,,4.0,16,,0.208,0.052,westeurope,V2
Standard_DC4as_v5,,,4.0,16,,0.208,0.1456,westeurope,"V1,V2"
Standard_DC4ds_v3,,,4.0,32,,0.544,0.05984,westeurope,V2
Standard_DC4eds_v5,,,4.0,16,,0.272,0.068,westeurope,V2
Standard_DC4es_v5,,,4.0,16,,0.23,0.0575,westeurope,V2
Standard_DC4s_v2,,,4.0,16,,0.46,0.0506,westeurope,V2
Standard_DC4s_v3,,,4.0,32,,0.46,0.0506,westeurope,V2
Standard_DC64ads_cc_v5,,,64.0,256,,4.0,1.0,westeurope,V2
Standard_DC64ads_v5,,,64.0,256,,4.0,2.8,westeurope,"V1,V2"
Standard_DC64as_cc_v5,,,64.0,256,,3.328,0.832,westeurope,V2
Standard_DC64as_v5,,,64.0,256,,3.328,2.3296,westeurope,"V1,V2"
Standard_DC64eds_v5,,,64.0,256,,4.352,1.088,westeurope,V2
Standard_DC64es_v5,,,64.0,256,,3.68,0.92,westeurope,V2
Standard_DC8ads_cc_v5,,,8.0,32,,0.5,0.125,westeurope,V2
Standard_DC8ads_v5,,,8.0,32,,0.5,0.35,westeurope,"V1,V2"
Standard_DC8as_cc_v5,,,8.0,32,,0.416,0.104,westeurope,V2
Standard_DC8as_v5,,,8.0,32,,0.416,0.2912,westeurope,"V1,V2"
Standard_DC8ds_v3,,,8.0,64,,1.088,0.11968,westeurope,V2
Standard_DC8eds_v5,,,8.0,32,,0.544,0.136,westeurope,V2
Standard_DC8es_v5,,,8.0,32,,0.46,0.115,westeurope,V2
Standard_DC8s_v3,,,8.0,64,,0.92,0.1012,westeurope,V2
Standard_DC8_v2,,,8.0,32,,0.92,0.1012,westeurope,V2
Standard_DC96ads_cc_v5,,,96.0,384,,6.0,1.5,westeurope,V2
Standard_DC96ads_v5,,,96.0,384,,6.0,4.2,westeurope,"V1,V2"
Standard_DC96as_cc_v5,,,96.0,384,,4.992,1.248,westeurope,V2
Standard_DC96as_v5,,,96.0,384,,4.992,3.4944,westeurope,"V1,V2"
Standard_DC96eds_v5,,,96.0,384,,6.528,1.632,westeurope,V2
Standard_DC96es_v5,,,96.0,384,,5.52,1.38,westeurope,V2
Standard_DS1,,,1.0,3.5,,0.084,0.00924,westeurope,"V1,V2"
Standard_DS11,,,2.0,14,,0.221,0.02431,westeurope,"V1,V2"
Standard_DS11-1_v2,,,2.0,14,,0.19,0.0209,westeurope,"V1,V2"
Standard_DS11_v2,,,2.0,14,,0.19,0.0209,westeurope,"V1,V2"
Standard_DS11_v2_Promo,,,2.0,14,,0.0379,,westeurope,"V1,V2"
Standard_DS12,,,4.0,28,,0.442,0.04862,westeurope,"V1,V2"
Standard_DS12-1_v2,,,4.0,28,,0.379,0.04169,westeurope,"V1,V2"
Standard_DS12-2_v2,,,4.0,28,,0.379,0.04169,westeurope,"V1,V2"
Standard_DS12_v2,,,4.0,28,,0.379,0.04169,westeurope,"V1,V2"
Standard_DS12_v2_Promo,,,4.0,28,,0.0759,,westeurope,"V1,V2"
Standard_DS13,,,8.0,56,,0.885,0.09735,westeurope,"V1,V2"
Standard_DS13-2_v2,,,8.0,56,,0.759,0.08349,westeurope,"V1,V2"
Standard_DS13-4_v2,,,8.0,56,,0.759,0.08349,westeurope,"V1,V2"
Standard_DS13_v2,,,8.0,56,,0.759,0.08349,westeurope,"V1,V2"
Standard_DS13_v2_Promo,,,8.0,56,,0.152,,westeurope,"V1,V2"
Standard_DS14,,,16.0,112,,1.769,0.19459,westeurope,"V1,V2"
Standard_DS14-4_v2,,,16.0,112,,1.518,0.16698,westeurope,"V1,V2"
Standard_DS14-8_v2,,,16.0,112,,1.518,0.16698,westeurope,"V1,V2"
Standard_DS14_v2,,,16.0,112,,1.518,0.16698,westeurope,"V1,V2"
Standard_DS14_v2_Promo,,,16.0,112,,0.304,,westeurope,"V1,V2"
Standard_DS15_v2,,,20.0,140,,1.897,0.20867,westeurope,"V1,V2"
Standard_DS1_v2,,,1.0,3.5,,0.0679,0.007469,westeurope,"V1,V2"
Standard_DS2,,,2.0,7,,0.168,0.01848,westeurope,"V1,V2"
Standard_DS2_v2,,,2.0,7,,0.136,0.01496,westeurope,"V1,V2"
Standard_DS2_v2_Promo,,,2.0,7,,0.027,,westeurope,"V1,V2"
Standard_DS3,,,4.0,14,,0.336,0.03696,westeurope,"V1,V2"
Standard_DS3_v2,,,4.0,14,,0.272,0.02992,westeurope,"V1,V2"
Standard_DS3_v2_Promo,,,4.0,14,,0.054,,westeurope,"V1,V2"
Standard_DS4,,,8.0,28,,0.672,0.07392,westeurope,"V1,V2"
Standard_DS4_v2,,,8.0,28,,0.544,0.05984,westeurope,"V1,V2"
Standard_DS4_v2_Promo,,,8.0,28,,0.109,,westeurope,"V1,V2"
Standard_DS5_v2,,,16.0,56,,1.087,0.11957,westeurope,"V1,V2"
Standard_DS5_v2_Promo,,,16.0,56,,0.217,,westeurope,"V1,V2"
Standard_E104ids_v5,,,104.0,672,,9.896,1.08856,westeurope,"V1,V2"
Standard_E104id_v5,,,104.0,672,,9.896,1.08856,westeurope,"V1,V2"
Standard_E104is_v5,,,104.0,672,,8.694,0.95634,westeurope,"V1,V2"
Standard_E104i_v5,,,104.0,672,,8.694,0.95634,westeurope,"V1,V2"
Standard_E112iads_v5,,,112.0,672,,9.733,1.07063,westeurope,"V1,V2"
Standard_E112ias_v5,,,112.0,672,,8.439,0.92829,westeurope,"V1,V2"
Standard_E112ibds_v5,,,112.0,672,,12.258,1.34838,westeurope,"V1,V2"
Standard_E112ibs_v5,,,112.0,672,,10.965,1.20615,westeurope,"V1,V2"
Standard_E16-4ads_v5,,,16.0,128,,1.264,0.13904,westeurope,"V1,V2"
Standard_E16-4ads_v5,,,16.0,128,,2.0,0.13904,westeurope,"V1,V2"
Standard_E16-4as_v4,,,16.0,128,,1.216,0.13376,westeurope,"V1,V2"
Standard_E16-4as_v5,,,16.0,128,,1.832,0.12056,westeurope,"V1,V2"
Standard_E16-4as_v5,,,16.0,128,,1.096,0.12056,westeurope,"V1,V2"
Standard_E16-4ds_v4,,,16.0,128,,1.384,0.152655,westeurope,"V1,V2"
Standard_E16-4ds_v5,,,16.0,128,,1.384,0.15224,westeurope,"V1,V2"
Standard_E16-4s_v3,,,16.0,128,,1.28,0.1408,westeurope,"V1,V2"
Standard_E16-4s_v4,,,16.0,128,,1.216,0.134125,westeurope,"V1,V2"
Standard_E16-4s_v5,,,16.0,128,,1.216,0.13376,westeurope,"V1,V2"
Standard_E16-8ads_v5,,,16.0,128,,2.0,0.13904,westeurope,"V1,V2"
Standard_E16-8ads_v5,,,16.0,128,,1.264,0.13904,westeurope,"V1,V2"
Standard_E16-8as_v4,,,16.0,128,,1.216,0.13376,westeurope,"V1,V2"
Standard_E16-8as_v5,,,16.0,128,,1.832,0.12056,westeurope,"V1,V2"
Standard_E16-8as_v5,,,16.0,128,,1.096,0.12056,westeurope,"V1,V2"
Standard_E16-8ds_v4,,,16.0,128,,1.384,0.152655,westeurope,"V1,V2"
Standard_E16-8ds_v5,,,16.0,128,,1.384,0.15224,westeurope,"V1,V2"
Standard_E16-8s_v3,,,16.0,128,,1.28,0.1408,westeurope,"V1,V2"
Standard_E16-8s_v4,,,16.0,128,,1.216,0.134125,westeurope,"V1,V2"
Standard_E16-8s_v5,,,16.0,128,,1.216,0.13376,westeurope,"V1,V2"
Standard_E16ads_v5,,,16.0,128,,1.264,0.13904,westeurope,"V1,V2"
Standard_E16ads_v5,,,16.0,128,,1.31,0.13904,westeurope,"V1,V2"
Standard_E16as_v4,,,16.0,128,,1.216,0.13376,westeurope,"V1,V2"
Standard_E16as_v5,,,16.0,128,,1.096,0.12056,westeurope,"V1,V2"
Standard_E16as_v5,,,16.0,128,,1.142,0.12056,westeurope,"V1,V2"
Standard_E16a_v4,,,16.0,128,,1.216,0.13376,westeurope,"V1,V2"
Standard_E16bds_v5,,,16.0,128,,1.592,0.17512,westeurope,"V1,V2"
Standard_E16bs_v5,,,16.0,128,,1.424,0.15664,westeurope,"V1,V2"
Standard_E16ds_v4,,,16.0,128,,1.384,0.152655,westeurope,"V1,V2"
Standard_E16ds_v5,,,16.0,128,,1.384,0.15224,westeurope,"V1,V2"
Standard_E16d_v4,,,16.0,128,,1.384,0.152655,westeurope,"V1,V2"
Standard_E16d_v5,,,16.0,128,,1.384,0.15224,westeurope,"V1,V2"
Standard_E16pds_v5,,,16.0,128,,1.104,0.12144,westeurope,V2
Standard_E16ps_v5,,,16.0,128,,0.973,0.10703,westeurope,V2
Standard_E16s_v3,,,16.0,128,,1.28,0.1408,westeurope,"V1,V2"
Standard_E16s_v4,,,16.0,128,,1.216,0.134125,westeurope,"V1,V2"
Standard_E16s_v5,,,16.0,128,,1.216,0.13376,westeurope,"V1,V2"
Standard_E16_v3,,,16.0,128,,1.28,0.1408,westeurope,V1
Standard_E16_v4,,,16.0,128,,1.216,0.134125,westeurope,"V1,V2"
Standard_E16_v5,,,16.0,128,,1.216,0.13376,westeurope,"V1,V2"
Standard_E20ads_v5,,,20.0,160,,1.626,0.1738,westeurope,"V1,V2"
Standard_E20ads_v5,,,20.0,160,,1.58,0.1738,westeurope,"V1,V2"
Standard_E20as_v4,,,20.0,160,,1.52,0.1672,westeurope,"V1,V2"
Standard_E20as_v5,,,20.0,160,,1.416,0.1507,westeurope,"V1,V2"
Standard_E20as_v5,,,20.0,160,,1.37,0.1507,westeurope,"V1,V2"
Standard_E20a_v4,,,20.0,160,,1.52,0.1672,westeurope,"V1,V2"
Standard_E20ds_v4,,,20.0,160,,1.73,0.190819,westeurope,"V1,V2"
Standard_E20ds_v5,,,20.0,160,,1.73,0.1903,westeurope,"V1,V2"
Standard_E20d_v4,,,20.0,160,,1.73,0.190819,westeurope,"V1,V2"
Standard_E20d_v5,,,20.0,160,,1.73,0.1903,westeurope,"V1,V2"
Standard_E20pds_v5,,,20.0,160,,1.38,0.1518,westeurope,V2
Standard_E20ps_v5,,,20.0,160,,1.216,0.13376,westeurope,V2
Standard_E20s_v3,,,20.0,160,,1.6,0.176,westeurope,"V1,V2"
Standard_E20s_v4,,,20.0,160,,1.52,0.167656,westeurope,"V1,V2"
Standard_E20s_v5,,,20.0,160,,1.52,0.1672,westeurope,"V1,V2"
Standard_E20_v3,,,20.0,160,,1.6,0.176,westeurope,V1
Standard_E20_v4,,,20.0,160,,1.52,0.167656,westeurope,"V1,V2"
Standard_E20_v5,,,20.0,160,,1.52,0.1672,westeurope,"V1,V2"
Standard_E2ads_v5,,,2.0,16,,0.204,0.01738,westeurope,"V1,V2"
Standard_E2ads_v5,,,2.0,16,,0.158,0.01738,westeurope,"V1,V2"
Standard_E2as_v4,,,2.0,16,,0.152,0.01672,westeurope,"V1,V2"
Standard_E2as_v5,,,2.0,16,,0.137,0.01507,westeurope,"V1,V2"
Standard_E2as_v5,,,2.0,16,,0.183,0.01507,westeurope,"V1,V2"
Standard_E2a_v4,,,2.0,16,,0.152,0.01672,westeurope,"V1,V2"
Standard_E2bds_v5,,,2.0,16,,0.199,0.02189,westeurope,"V1,V2"
Standard_E2bs_v5,,,2.0,16,,0.178,0.01958,westeurope,"V1,V2"
Standard_E2ds_v4,,,2.0,16,,0.173,0.019082,westeurope,"V1,V2"
Standard_E2ds_v5,,,2.0,16,,0.173,0.01903,westeurope,"V1,V2"
Standard_E2d_v4,,,2.0,16,,0.173,0.019082,westeurope,"V1,V2"
Standard_E2d_v5,,,2.0,16,,0.173,0.01903,westeurope,"V1,V2"
Standard_E2pds_v5,,,2.0,16,,0.138,0.01518,westeurope,V2
Standard_E2ps_v5,,,2.0,16,,0.122,0.01342,westeurope,V2
Standard_E2s_v3,,,2.0,16,,0.16,0.0176,westeurope,"V1,V2"
Standard_E2s_v4,,,2.0,16,,0.152,0.016766,westeurope,"V1,V2"
Standard_E2s_v5,,,2.0,16,,0.152,0.01672,westeurope,"V1,V2"
Standard_E2_v3,,,2.0,16,,0.16,0.0176,westeurope,V1
Standard_E2_v4,,,2.0,16,,0.152,0.016766,westeurope,"V1,V2"
Standard_E2_v5,,,2.0,16,,0.152,0.01672,westeurope,"V1,V2"
Standard_E32-16ads_v5,,,32.0,256,,2.528,0.27808,westeurope,"V1,V2"
Standard_E32-16ads_v5,,,32.0,256,,4.0,0.27808,westeurope,"V1,V2"
Standard_E32-16as_v4,,,32.0,256,,2.432,0.26752,westeurope,"V1,V2"
Standard_E32-16as_v5,,,32.0,256,,3.664,0.24112,westeurope,"V1,V2"
Standard_E32-16as_v5,,,32.0,256,,2.192,0.24112,westeurope,"V1,V2"
Standard_E32-16ds_v4,,,32.0,256,,2.768,0.30531,westeurope,"V1,V2"
Standard_E32-16ds_v5,,,32.0,256,,2.768,0.30448,westeurope,"V1,V2"
Standard_E32-16s_v3,,,32.0,256,,2.56,0.2816,westeurope,"V1,V2"
Standard_E32-16s_v4,,,32.0,256,,2.432,0.26825,westeurope,"V1,V2"
Standard_E32-16s_v5,,,32.0,256,,2.432,0.26752,westeurope,"V1,V2"
Standard_E32-8ads_v5,,,32.0,256,,4.0,0.27808,westeurope,"V1,V2"
Standard_E32-8ads_v5,,,32.0,256,,2.528,0.27808,westeurope,"V1,V2"
Standard_E32-8as_v4,,,32.0,256,,2.432,0.26752,westeurope,"V1,V2"
Standard_E32-8as_v5,,,32.0,256,,2.192,0.24112,westeurope,"V1,V2"
Standard_E32-8as_v5,,,32.0,256,,3.664,0.24112,westeurope,"V1,V2"
Standard_E32-8ds_v4,,,32.0,256,,2.768,0.30531,westeurope,"V1,V2"
Standard_E32-8ds_v5,,,32.0,256,,2.768,0.30448,westeurope,"V1,V2"
Standard_E32-8s_v3,,,32.0,256,,2.56,0.2816,westeurope,"V1,V2"
Standard_E32-8s_v4,,,32.0,256,,2.432,0.26825,westeurope,"V1,V2"
Standard_E32-8s_v5,,,32.0,256,,2.432,0.26752,westeurope,"V1,V2"
Standard_E32ads_v5,,,32.0,256,,2.574,0.27808,westeurope,"V1,V2"
Standard_E32ads_v5,,,32.0,256,,2.528,0.27808,westeurope,"V1,V2"
Standard_E32as_v4,,,32.0,256,,2.432,0.26752,westeurope,"V1,V2"
Standard_E32as_v5,,,32.0,256,,2.238,0.24112,westeurope,"V1,V2"
Standard_E32as_v5,,,32.0,256,,2.192,0.24112,westeurope,"V1,V2"
Standard_E32a_v4,,,32.0,256,,2.432,0.26752,westeurope,"V1,V2"
Standard_E32bds_v5,,,32.0,256,,3.184,0.35024,westeurope,"V1,V2"
Standard_E32bs_v5,,,32.0,256,,2.848,0.31328,westeurope,"V1,V2"
Standard_E32ds_v4,,,32.0,256,,2.768,0.30531,westeurope,"V1,V2"
Standard_E32ds_v5,,,32.0,256,,2.768,0.30448,westeurope,"V1,V2"
Standard_E32d_v4,,,32.0,256,,2.768,0.30531,westeurope,"V1,V2"
Standard_E32d_v5,,,32.0,256,,2.768,0.30448,westeurope,"V1,V2"
Standard_E32pds_v5,,,32.0,208,,2.208,0.24288,westeurope,V2
Standard_E32ps_v5,,,32.0,208,,1.946,0.21406,westeurope,V2
Standard_E32s_v3,,,32.0,256,,2.56,0.2816,westeurope,"V1,V2"
Standard_E32s_v4,,,32.0,256,,2.432,0.26825,westeurope,"V1,V2"
Standard_E32s_v5,,,32.0,256,,2.432,0.26752,westeurope,"V1,V2"
Standard_E32_v3,,,32.0,256,,2.56,0.2816,westeurope,V1
Standard_E32_v4,,,32.0,256,,2.432,0.26825,westeurope,"V1,V2"
Standard_E32_v5,,,32.0,256,,2.432,0.26752,westeurope,"V1,V2"
Standard_E4-2ads_v5,,,4.0,32,,0.316,0.03476,westeurope,"V1,V2"
Standard_E4-2ads_v5,,,4.0,32,,0.5,0.03476,westeurope,"V1,V2"
Standard_E4-2as_v4,,,4.0,32,,0.304,0.03344,westeurope,"V1,V2"
Standard_E4-2as_v5,,,4.0,32,,0.458,0.03014,westeurope,"V1,V2"
Standard_E4-2as_v5,,,4.0,32,,0.274,0.03014,westeurope,"V1,V2"
Standard_E4-2ds_v4,,,4.0,32,,0.346,0.038164,westeurope,"V1,V2"
Standard_E4-2ds_v5,,,4.0,32,,0.346,0.03806,westeurope,"V1,V2"
Standard_E4-2s_v3,,,4.0,32,,0.32,0.0352,westeurope,"V1,V2"
Standard_E4-2s_v4,,,4.0,32,,0.304,0.033531,westeurope,"V1,V2"
Standard_E4-2s_v5,,,4.0,32,,0.304,0.03344,westeurope,"V1,V2"
Standard_E48ads_v5,,,48.0,384,,3.792,0.41712,westeurope,"V1,V2"
Standard_E48ads_v5,,,48.0,384,,3.838,0.41712,westeurope,"V1,V2"
Standard_E48as_v4,,,48.0,384,,3.648,0.40128,westeurope,"V1,V2"
Standard_E48as_v5,,,48.0,384,,3.288,0.36168,westeurope,"V1,V2"
Standard_E48as_v5,,,48.0,384,,3.334,0.36168,westeurope,"V1,V2"
Standard_E48a_v4,,,48.0,384,,3.648,0.40128,westeurope,"V1,V2"
Standard_E48bds_v5,,,48.0,384,,4.776,0.52536,westeurope,"V1,V2"
Standard_E48bs_v5,,,48.0,384,,4.272,0.46992,westeurope,"V1,V2"
Standard_E48ds_v4,,,48.0,384,,4.152,0.457966,westeurope,"V1,V2"
Standard_E48ds_v5,,,48.0,384,,4.152,0.45672,westeurope,"V1,V2"
Standard_E48d_v4,,,48.0,384,,4.152,0.457966,westeurope,"V1,V2"
Standard_E48d_v5,,,48.0,384,,4.152,0.45672,westeurope,"V1,V2"
Standard_E48s_v3,,,48.0,384,,3.647,0.40117,westeurope,"V1,V2"
Standard_E48s_v4,,,48.0,384,,3.648,0.402374,westeurope,"V1,V2"
Standard_E48s_v5,,,48.0,384,,3.648,0.40128,westeurope,"V1,V2"
Standard_E48_v3,,,48.0,384,,3.647,0.40117,westeurope,V1
Standard_E48_v4,,,48.0,384,,3.648,0.402374,westeurope,"V1,V2"
Standard_E48_v5,,,48.0,384,,3.648,0.40128,westeurope,"V1,V2"
Standard_E4ads_v5,,,4.0,32,,0.316,0.03476,westeurope,"V1,V2"
Standard_E4ads_v5,,,4.0,32,,0.362,0.03476,westeurope,"V1,V2"
Standard_E4as_v4,,,4.0,32,,0.304,0.03344,westeurope,"V1,V2"
Standard_E4as_v5,,,4.0,32,,0.32,0.03014,westeurope,"V1,V2"
Standard_E4as_v5,,,4.0,32,,0.274,0.03014,westeurope,"V1,V2"
Standard_E4a_v4,,,4.0,32,,0.304,0.03344,westeurope,"V1,V2"
Standard_E4bds_v5,,,4.0,32,,0.398,0.04378,westeurope,"V1,V2"
Standard_E4bs_v5,,,4.0,32,,0.356,0.03916,westeurope,"V1,V2"
Standard_E4ds_v4,,,4.0,32,,0.346,0.038164,westeurope,"V1,V2"
Standard_E4ds_v5,,,4.0,32,,0.346,0.03806,westeurope,"V1,V2"
Standard_E4d_v4,,,4.0,32,,0.346,0.038164,westeurope,"V1,V2"
Standard_E4d_v5,,,4.0,32,,0.346,0.03806,westeurope,"V1,V2"
Standard_E4pds_v5,,,4.0,32,,0.276,0.03036,westeurope,V2
Standard_E4ps_v5,,,4.0,32,,0.243,0.02673,westeurope,V2
Standard_E4s_v3,,,4.0,32,,0.32,0.0352,westeurope,"V1,V2"
Standard_E4s_v4,,,4.0,32,,0.304,0.033531,westeurope,"V1,V2"
Standard_E4s_v5,,,4.0,32,,0.304,0.03344,westeurope,"V1,V2"
Standard_E4_v3,,,4.0,32,,0.32,0.0352,westeurope,V1
Standard_E4_v4,,,4.0,32,,0.304,0.033531,westeurope,"V1,V2"
Standard_E4_v5,,,4.0,32,,0.304,0.03344,westeurope,"V1,V2"
Standard_E64-16ads_v5,,,64.0,512,,5.056,0.55616,westeurope,"V1,V2"
Standard_E64-16ads_v5,,,64.0,512,,8.0,0.55616,westeurope,"V1,V2"
Standard_E64-16as_v4,,,64.0,512,,4.864,0.53504,westeurope,"V1,V2"
Standard_E64-16as_v5,,,64.0,512,,7.328,0.48224,westeurope,"V1,V2"
Standard_E64-16as_v5,,,64.0,512,,4.384,0.48224,westeurope,"V1,V2"
Standard_E64-16ds_v4,,,64.0,504,,5.536,0.610621,westeurope,"V1,V2"
Standard_E64-16ds_v5,,,64.0,512,,5.536,0.60896,westeurope,"V1,V2"
Standard_E64-16s_v3,,,64.0,432,,4.376,0.48136,westeurope,"V1,V2"
Standard_E64-16s_v4,,,64.0,504,,4.864,0.536499,westeurope,"V1,V2"
Standard_E64-16s_v5,,,64.0,512,,4.864,0.53504,westeurope,"V1,V2"
Standard_E64-32ads_v5,,,64.0,512,,8.0,0.55616,westeurope,"V1,V2"
Standard_E64-32ads_v5,,,64.0,512,,5.056,0.55616,westeurope,"V1,V2"
Standard_E64-32as_v4,,,64.0,512,,4.864,0.53504,westeurope,"V1,V2"
Standard_E64-32as_v5,,,64.0,512,,7.328,0.48224,westeurope,"V1,V2"
Standard_E64-32as_v5,,,64.0,512,,4.384,0.48224,westeurope,"V1,V2"
Standard_E64-32ds_v4,,,64.0,504,,5.536,0.610621,westeurope,"V1,V2"
Standard_E64-32ds_v5,,,64.0,512,,5.536,0.60896,westeurope,"V1,V2"
Standard_E64-32s_v3,,,64.0,432,,4.376,0.48136,westeurope,"V1,V2"
Standard_E64-32s_v4,,,64.0,504,,4.864,0.536499,westeurope,"V1,V2"
Standard_E64-32s_v5,,,64.0,512,,4.864,0.53504,westeurope,"V1,V2"
Standard_E64ads_v5,,,64.0,512,,5.056,0.55616,westeurope,"V1,V2"
Standard_E64ads_v5,,,64.0,512,,5.102,0.55616,westeurope,"V1,V2"
Standard_E64as_v4,,,64.0,512,,4.864,0.53504,westeurope,"V1,V2"
Standard_E64as_v5,,,64.0,512,,4.43,0.48224,westeurope,"V1,V2"
Standard_E64as_v5,,,64.0,512,,4.384,0.48224,westeurope,"V1,V2"
Standard_E64a_v4,,,64.0,512,,4.864,0.53504,westeurope,"V1,V2"
Standard_E64bds_v5,,,64.0,512,,6.368,0.70048,westeurope,"V1,V2"
Standard_E64bs_v5,,,64.0,512,,5.696,0.62656,westeurope,"V1,V2"
Standard_E64ds_v4,,,64.0,504,,5.536,0.610621,westeurope,"V1,V2"
Standard_E64ds_v5,,,64.0,512,,5.536,0.60896,westeurope,"V1,V2"
Standard_E64d_v4,,,64.0,504,,5.536,0.610621,westeurope,"V1,V2"
Standard_E64d_v5,,,64.0,512,,5.536,0.60896,westeurope,"V1,V2"
Standard_E64is_v3,,,64.0,432,,4.376,0.48136,westeurope,"V1,V2"
Standard_E64i_v3,,,64.0,432,,4.376,0.48136,westeurope,V1
Standard_E64s_v3,,,64.0,432,,4.376,0.48136,westeurope,"V1,V2"
Standard_E64s_v4,,,64.0,504,,4.864,0.536499,westeurope,"V1,V2"
Standard_E64s_v5,,,64.0,512,,4.864,0.53504,westeurope,"V1,V2"
Standard_E64_v3,,,64.0,432,,4.376,0.48136,westeurope,V1
Standard_E64_v4,,,64.0,504,,4.864,0.536499,westeurope,"V1,V2"
Standard_E64_v5,,,64.0,512,,4.864,0.53504,westeurope,"V1,V2"
Standard_E8-2ads_v5,,,8.0,64,,1.0,0.06952,westeurope,"V1,V2"
Standard_E8-2ads_v5,,,8.0,64,,0.632,0.06952,westeurope,"V1,V2"
Standard_E8-2as_v4,,,8.0,64,,0.608,0.06688,westeurope,"V1,V2"
Standard_E8-2as_v5,,,8.0,64,,0.548,0.06028,westeurope,"V1,V2"
Standard_E8-2as_v5,,,8.0,64,,0.916,0.06028,westeurope,"V1,V2"
Standard_E8-2ds_v4,,,8.0,64,,0.692,0.076328,westeurope,"V1,V2"
Standard_E8-2ds_v5,,,8.0,64,,0.692,0.07612,westeurope,"V1,V2"
Standard_E8-2s_v3,,,8.0,64,,0.64,0.0704,westeurope,"V1,V2"
Standard_E8-2s_v4,,,8.0,64,,0.608,0.067062,westeurope,"V1,V2"
Standard_E8-2s_v5,,,8.0,64,,0.608,0.06688,westeurope,"V1,V2"
Standard_E8-4ads_v5,,,8.0,64,,1.0,0.06952,westeurope,"V1,V2"
Standard_E8-4ads_v5,,,8.0,64,,0.632,0.06952,westeurope,"V1,V2"
Standard_E8-4as_v4,,,8.0,64,,0.608,0.06688,westeurope,"V1,V2"
Standard_E8-4as_v5,,,8.0,64,,0.548,0.06028,westeurope,"V1,V2"
Standard_E8-4as_v5,,,8.0,64,,0.916,0.06028,westeurope,"V1,V2"
Standard_E8-4ds_v4,,,8.0,64,,0.692,0.076328,westeurope,"V1,V2"
Standard_E8-4ds_v5,,,8.0,64,,0.692,0.07612,westeurope,"V1,V2"
Standard_E8-4s_v3,,,8.0,64,,0.64,0.0704,westeurope,"V1,V2"
Standard_E8-4s_v4,,,8.0,64,,0.608,0.067062,westeurope,"V1,V2"
Standard_E8-4s_v5,,,8.0,64,,0.608,0.06688,westeurope,"V1,V2"
Standard_E80ids_v4,,,80.0,504,,6.92,0.763276,westeurope,"V1,V2"
Standard_E80is_v4,,,80.0,504,,6.08,0.670624,westeurope,"V1,V2"
Standard_E8ads_v5,,,8.0,64,,0.678,0.06952,westeurope,"V1,V2"
Standard_E8ads_v5,,,8.0,64,,0.632,0.06952,westeurope,"V1,V2"
Standard_E8as_v4,,,8.0,64,,0.608,0.06688,westeurope,"V1,V2"
Standard_E8as_v5,,,8.0,64,,0.548,0.06028,westeurope,"V1,V2"
Standard_E8as_v5,,,8.0,64,,0.594,0.06028,westeurope,"V1,V2"
Standard_E8a_v4,,,8.0,64,,0.608,0.06688,westeurope,"V1,V2"
Standard_E8bds_v5,,,8.0,64,,0.796,0.08756,westeurope,"V1,V2"
Standard_E8bs_v5,,,8.0,64,,0.712,0.07832,westeurope,"V1,V2"
Standard_E8ds_v4,,,8.0,64,,0.692,0.076328,westeurope,"V1,V2"
Standard_E8ds_v5,,,8.0,64,,0.692,0.07612,westeurope,"V1,V2"
Standard_E8d_v4,,,8.0,64,,0.692,0.076328,westeurope,"V1,V2"
Standard_E8d_v5,,,8.0,64,,0.692,0.07612,westeurope,"V1,V2"
Standard_E8pds_v5,,,8.0,64,,0.552,0.06072,westeurope,V2
Standard_E8ps_v5,,,8.0,64,,0.486,0.05346,westeurope,V2
Standard_E8s_v3,,,8.0,64,,0.64,0.0704,westeurope,"V1,V2"
Standard_E8s_v4,,,8.0,64,,0.608,0.067062,westeurope,"V1,V2"
Standard_E8s_v5,,,8.0,64,,0.608,0.06688,westeurope,"V1,V2"
Standard_E8_v3,,,8.0,64,,0.64,0.0704,westeurope,V1
Standard_E8_v4,,,8.0,64,,0.608,0.067062,westeurope,"V1,V2"
Standard_E8_v5,,,8.0,64,,0.608,0.06688,westeurope,"V1,V2"
Standard_E96-24ads_v5,,,96.0,672,,7.584,0.83424,westeurope,"V1,V2"
Standard_E96-24ads_v5,,,96.0,672,,12.0,0.83424,westeurope,"V1,V2"
Standard_E96-24as_v4,,,96.0,672,,7.296,0.80256,westeurope,"V1,V2"
Standard_E96-24as_v5,,,96.0,672,,10.992,0.72336,westeurope,"V1,V2"
Standard_E96-24as_v5,,,96.0,672,,6.576,0.72336,westeurope,"V1,V2"
Standard_E96-24ds_v5,,,96.0,672,,8.304,0.91344,westeurope,"V1,V2"
Standard_E96-24s_v5,,,96.0,672,,7.296,0.80256,westeurope,"V1,V2"
Standard_E96-48ads_v5,,,96.0,672,,7.584,0.83424,westeurope,"V1,V2"
Standard_E96-48ads_v5,,,96.0,672,,12.0,0.83424,westeurope,"V1,V2"
Standard_E96-48as_v4,,,96.0,672,,7.296,0.80256,westeurope,"V1,V2"
Standard_E96-48as_v5,,,96.0,672,,10.992,0.72336,westeurope,"V1,V2"
Standard_E96-48as_v5,,,96.0,672,,6.576,0.72336,westeurope,"V1,V2"
Standard_E96-48ds_v5,,,96.0,672,,8.304,0.91344,westeurope,"V1,V2"
Standard_E96-48s_v5,,,96.0,672,,7.296,0.80256,westeurope,"V1,V2"
Standard_E96ads_v5,,,96.0,672,,7.63,0.83424,westeurope,"V1,V2"
Standard_E96ads_v5,,,96.0,672,,7.584,0.83424,westeurope,"V1,V2"
Standard_E96as_v4,,,96.0,672,,7.296,0.80256,westeurope,"V1,V2"
Standard_E96as_v5,,,96.0,672,,6.576,0.72336,westeurope,"V1,V2"
Standard_E96as_v5,,,96.0,672,,6.622,0.72336,westeurope,"V1,V2"
Standard_E96a_v4,,,96.0,672,,7.296,0.80256,westeurope,"V1,V2"
Standard_E96bds_v5,,,96.0,672,,9.552,1.05072,westeurope,"V1,V2"
Standard_E96bs_v5,,,96.0,672,,8.544,0.93984,westeurope,"V1,V2"
Standard_E96ds_v5,,,96.0,672,,8.304,0.91344,westeurope,"V1,V2"
Standard_E96d_v5,,,96.0,672,,8.304,0.91344,westeurope,"V1,V2"
Standard_E96ias_v4,,,96.0,672,,,,westeurope,"V1,V2"
Standard_E96s_v5,,,96.0,672,,7.296,0.80256,westeurope,"V1,V2"
Standard_E96_v5,,,96.0,672,,7.296,0.80256,westeurope,"V1,V2"
Standard_EC128eds_v5,,,128.0,768,,11.072,2.768,westeurope,V2
Standard_EC128es_v5,,,128.0,768,,9.728,2.432,westeurope,V2
Standard_EC128ieds_v5,,,128.0,768,,,,westeurope,V2
Standard_EC128ies_v5,,,128.0,768,,,,westeurope,V2
Standard_EC16ads_cc_v5,,,16.0,128,,1.264,0.316,westeurope,V2
Standard_EC16ads_v5,,,16.0,128,,1.184,0.8288,westeurope,"V1,V2"
Standard_EC16as_cc_v5,,,16.0,128,,1.096,0.274,westeurope,V2
Standard_EC16as_v5,,,16.0,128,,1.096,0.7672,westeurope,"V1,V2"
Standard_EC16eds_v5,,,16.0,128,,1.384,0.346,westeurope,V2
Standard_EC16es_v5,,,16.0,128,,1.216,0.304,westeurope,V2
Standard_EC20ads_cc_v5,,,20.0,160,,1.58,0.395,westeurope,V2
Standard_EC20ads_v5,,,20.0,160,,1.48,1.036,westeurope,"V1,V2"
Standard_EC20as_cc_v5,,,20.0,160,,1.37,0.3425,westeurope,V2
Standard_EC20as_v5,,,20.0,160,,1.37,0.959,westeurope,"V1,V2"
Standard_EC2ads_v5,,,2.0,16,,0.148,0.1036,westeurope,"V1,V2"
Standard_EC2as_v5,,,2.0,16,,0.137,0.0959,westeurope,"V1,V2"
Standard_EC2eds_v5,,,2.0,16,,0.173,0.04325,westeurope,V2
Standard_EC2es_v5,,,2.0,16,,0.152,0.038,westeurope,V2
Standard_EC32ads_cc_v5,,,32.0,192,,2.528,0.632,westeurope,V2
Standard_EC32ads_v5,,,32.0,192,,2.368,1.6576,westeurope,"V1,V2"
Standard_EC32as_cc_v5,,,32.0,192,,2.192,0.548,westeurope,V2
Standard_EC32as_v5,,,32.0,192,,2.192,1.5344,westeurope,"V1,V2"
Standard_EC32eds_v5,,,32.0,256,,2.768,0.692,westeurope,V2
Standard_EC32es_v5,,,32.0,256,,2.432,0.608,westeurope,V2
Standard_EC48ads_cc_v5,,,48.0,384,,3.792,0.948,westeurope,V2
Standard_EC48ads_v5,,,48.0,384,,3.552,2.4864,westeurope,"V1,V2"
Standard_EC48as_cc_v5,,,48.0,384,,3.288,0.822,westeurope,V2
Standard_EC48as_v5,,,48.0,384,,3.288,2.3016,westeurope,"V1,V2"
Standard_EC48eds_v5,,,48.0,384,,4.152,1.038,westeurope,V2
Standard_EC48es_v5,,,48.0,384,,3.648,0.912,westeurope,V2
Standard_EC4ads_cc_v5,,,4.0,32,,0.316,0.079,westeurope,V2
Standard_EC4ads_v5,,,4.0,32,,0.296,0.2072,westeurope,"V1,V2"
Standard_EC4as_cc_v5,,,4.0,32,,0.274,0.0685,westeurope,V2
Standard_EC4as_v5,,,4.0,32,,0.274,0.1918,westeurope,"V1,V2"
Standard_EC4eds_v5,,,4.0,32,,0.346,0.0865,westeurope,V2
Standard_EC4es_v5,,,4.0,32,,0.304,0.076,westeurope,V2
Standard_EC64ads_cc_v5,,,64.0,512,,5.056,1.264,westeurope,V2
Standard_EC64ads_v5,,,64.0,512,,4.736,3.3152,westeurope,"V1,V2"
Standard_EC64as_cc_v5,,,64.0,512,,4.384,1.096,westeurope,V2
Standard_EC64as_v5,,,64.0,512,,4.384,3.0688,westeurope,"V1,V2"
Standard_EC64eds_v5,,,64.0,512,,5.536,1.384,westeurope,V2
Standard_EC64es_v5,,,64.0,512,,4.864,1.216,westeurope,V2
Standard_EC8ads_cc_v5,,,8.0,64,,0.632,0.158,westeurope,V2
Standard_EC8ads_v5,,,8.0,64,,0.592,0.4144,westeurope,"V1,V2"
Standard_EC8as_cc_v5,,,8.0,64,,0.548,0.137,westeurope,V2
Standard_EC8as_v5,,,8.0,64,,0.548,0.3836,westeurope,"V1,V2"
Standard_EC8eds_v5,,,8.0,64,,0.692,0.173,westeurope,V2
Standard_EC8es_v5,,,8.0,64,,0.608,0.152,westeurope,V2
Standard_EC96ads_cc_v5,,,96.0,672,,7.584,1.896,westeurope,V2
Standard_EC96ads_v5,,,96.0,672,,7.104,4.9728,westeurope,"V1,V2"
Standard_EC96as_cc_v5,,,96.0,672,,6.576,1.644,westeurope,V2
Standard_EC96as_v5,,,96.0,672,,6.576,4.6032,westeurope,"V1,V2"
Standard_EC96iads_v5,,,96.0,672,,7.814,5.4698,westeurope,"V1,V2"
Standard_EC96ias_v5,,,96.0,672,,7.234,5.0638,westeurope,"V1,V2"
Standard_F1,,,1.0,2,,0.0568,0.006248,westeurope,V1
Standard_F16,,,16.0,32,,0.909,0.09999,westeurope,V1
Standard_F16s,,,16.0,32,,0.909,0.09999,westeurope,"V1,V2"
Standard_F16s_v2,,,16.0,32,,0.776,0.085593,westeurope,"V1,V2"
Standard_F1s,,,1.0,2,,0.0568,0.006248,westeurope,"V1,V2"
Standard_F2,,,2.0,4,,0.114,0.01254,westeurope,V1
Standard_F2s,,,2.0,4,,0.114,0.01254,westeurope,"V1,V2"
Standard_F2s_v2,,,2.0,4,,0.097,0.010699,westeurope,"V1,V2"
Standard_F32s_v2,,,32.0,64,,1.552,0.171186,westeurope,"V1,V2"
Standard_F4,,,4.0,8,,0.227,0.02497,westeurope,V1
Standard_F48s_v2,,,48.0,96,,2.328,0.256778,westeurope,"V1,V2"
Standard_F4s,,,4.0,8,,0.227,0.02497,westeurope,"V1,V2"
Standard_F4s_v2,,,4.0,8,,0.194,0.021398,westeurope,"V1,V2"
Standard_F64s_v2,,,64.0,128,,3.104,0.342371,westeurope,"V1,V2"
Standard_F72s_v2,,,72.0,144,,3.492,0.385168,westeurope,"V1,V2"
Standard_F8,,,8.0,16,,0.454,0.04994,westeurope,V1
Standard_F8s,,,8.0,16,,0.454,0.04994,westeurope,"V1,V2"
Standard_F8s_v2,,,8.0,16,,0.388,0.042796,westeurope,"V1,V2"
Standard_FX12mds,,,12.0,252,,1.35,0.1485,westeurope,V2
Standard_FX24mds,,,24.0,504,,2.7,0.297,westeurope,V2
Standard_FX36mds,,,36.0,756,,4.05,0.4455,westeurope,V2
Standard_FX48mds,,,48.0,1008,,5.4,0.594,westeurope,V2
Standard_FX4mds,,,4.0,84,,0.45,0.0495,westeurope,V2
Standard_G1,,,2.0,28,,0.7,0.077,westeurope,V1
Standard_G2,,,4.0,56,,1.4,0.154,westeurope,V1
Standard_G3,,,8.0,112,,2.8,0.308,westeurope,V1
Standard_G4,,,16.0,224,,5.6,0.616,westeurope,V1
Standard_G5,,,32.0,448,,9.99,1.0989,westeurope,V1
Standard_GS1,,,2.0,28,,0.7,0.077,westeurope,"V1,V2"
Standard_GS2,,,4.0,56,,1.4,0.154,westeurope,"V1,V2"
Standard_GS3,,,8.0,112,,2.8,0.308,westeurope,"V1,V2"
Standard_GS4,,,16.0,224,,5.6,0.616,westeurope,"V1,V2"
Standard_GS4-4,,,16.0,224,,5.6,0.616,westeurope,"V1,V2"
Standard_GS4-8,,,16.0,224,,5.6,0.616,westeurope,"V1,V2"
Standard_GS5,,,32.0,448,,9.99,1.0989,westeurope,"V1,V2"
Standard_GS5-16,,,32.0,448,,9.99,1.0989,westeurope,"V1,V2"
Standard_GS5-8,,,32.0,448,,9.99,1.0989,westeurope,"V1,V2"
Standard_HB120-16rs_v2,,,120.0,456,,4.68,0.794196,westeurope,"V1,V2"
Standard_HB120-16rs_v3,,,120.0,456,,4.68,0.5148,westeurope,"V1,V2"
Standard_HB120-32rs_v2,,,120.0,456,,4.68,0.794196,westeurope,"V1,V2"
Standard_HB120-32rs_v3,,,120.0,456,,4.68,0.5148,westeurope,"V1,V2"
Standard_HB120-64rs_v2,,,120.0,456,,4.68,0.794196,westeurope,"V1,V2"
Standard_HB120-64rs_v3,,,120.0,456,,4.68,0.5148,westeurope,"V1,V2"
Standard_HB120-96rs_v2,,,120.0,456,,4.68,0.794196,westeurope,"V1,V2"
Standard_HB120-96rs_v3,,,120.0,456,,4.68,0.5148,westeurope,"V1,V2"
Standard_HB120rs_v2,,,120.0,456,,4.68,0.794196,westeurope,"V1,V2"
Standard_HB120rs_v3,,,120.0,456,,4.68,0.5148,westeurope,"V1,V2"
Standard_HB60-15rs,,,15.0,228,,2.964,0.32604,westeurope,"V1,V2"
Standard_HB60-30rs,,,30.0,228,,2.964,0.32604,westeurope,"V1,V2"
Standard_HB60-45rs,,,45.0,228,,2.964,0.32604,westeurope,"V1,V2"
Standard_HB60rs,,,60.0,228,,2.964,0.32604,westeurope,"V1,V2"
Standard_HC44-16rs,,,16.0,352,,4.118,0.45298,westeurope,"V1,V2"
Standard_HC44-32rs,,,32.0,352,,4.118,0.45298,westeurope,"V1,V2"
Standard_HC44rs,,,44.0,352,,4.118,0.45298,westeurope,"V1,V2"
Standard_L16as_v3,,,16.0,128,,1.488,0.16368,westeurope,"V1,V2"
Standard_L16s,,,16.0,128,,1.488,0.16368,westeurope,"V1,V2"
Standard_L16s_v2,,,16.0,128,,1.488,0.16368,westeurope,"V1,V2"
Standard_L16s_v3,,,16.0,128,,1.664,0.18304,westeurope,"V1,V2"
Standard_L32as_v3,,,32.0,256,,2.976,0.32736,westeurope,"V1,V2"
Standard_L32s,,,32.0,256,,2.976,0.32736,westeurope,"V1,V2"
Standard_L32s_v2,,,32.0,256,,2.976,0.32736,westeurope,"V1,V2"
Standard_L32s_v3,,,32.0,256,,3.328,0.36608,westeurope,"V1,V2"
Standard_L48as_v3,,,48.0,384,,4.464,0.49104,westeurope,"V1,V2"
Standard_L48s_v2,,,48.0,384,,4.464,0.49104,westeurope,"V1,V2"
Standard_L48s_v3,,,48.0,384,,4.992,0.54912,westeurope,"V1,V2"
Standard_L4s,,,4.0,32,,0.372,0.04092,westeurope,"V1,V2"
Standard_L64as_v3,,,64.0,512,,5.952,0.65472,westeurope,"V1,V2"
Standard_L64s_v2,,,64.0,512,,5.952,0.65472,westeurope,"V1,V2"
Standard_L64s_v3,,,64.0,512,,6.656,0.73216,westeurope,"V1,V2"
Standard_L80as_v3,,,80.0,640,,7.44,0.8184,westeurope,"V1,V2"
Standard_L80s_v2,,,80.0,640,,7.44,0.8184,westeurope,"V1,V2"
Standard_L80s_v3,,,80.0,640,,8.32,0.9152,westeurope,"V1,V2"
Standard_L8as_v3,,,8.0,64,,0.744,0.08184,westeurope,"V1,V2"
Standard_L8s,,,8.0,64,,0.744,0.08184,westeurope,"V1,V2"
Standard_L8s_v2,,,8.0,64,,0.744,0.08184,westeurope,"V1,V2"
Standard_L8s_v3,,,8.0,64,,0.832,0.09152,westeurope,"V1,V2"
Standard_M128,,,128.0,2048,,18.673,2.05403,westeurope,"V1,V2"
Standard_M128-32ms,,,128.0,3892,,37.3632,4.109952,westeurope,"V1,V2"
Standard_M128-64ms,,,128.0,3892,,37.3632,4.109952,westeurope,"V1,V2"
Standard_M128dms_v2,,,128.0,3892,,37.366,4.11026,westeurope,V2
Standard_M128ds_v2,,,128.0,2048,,18.676,2.05436,westeurope,V2
Standard_M128m,,,128.0,3892,,37.3632,4.109952,westeurope,"V1,V2"
Standard_M128ms,,,128.0,3892,,37.3632,4.109952,westeurope,"V1,V2"
Standard_M128ms_v2,,,128.0,3892,,36.777,4.04547,westeurope,V2
Standard_M128s,,,128.0,2048,,18.673,2.05403,westeurope,"V1,V2"
Standard_M128s_v2,,,128.0,2048,,18.087,1.98957,westeurope,V2
Standard_M12ds_v3,,,12.0,240,,2.28,0.57,westeurope,V2
Standard_M12s_v3,,,12.0,240,,2.15,0.5375,westeurope,V2
Standard_M16-4ms,,,16.0,437.5,,4.3022,0.473242,westeurope,"V1,V2"
Standard_M16-8ms,,,16.0,437.5,,4.3022,0.473242,westeurope,"V1,V2"
Standard_M16ms,,,16.0,437.5,,4.3022,0.473242,westeurope,"V1,V2"
Standard_M176ds_3_v3,,,176.0,2794,,26.6,6.65,westeurope,V2
Standard_M176ds_4_v3,,,176.0,3892,,37.05,9.2625,westeurope,V2
Standard_M176s_3_v3,,,176.0,2794,,25.03,6.2575,westeurope,V2
Standard_M176s_4_v3,,,176.0,3892,,34.87,8.7175,westeurope,V2
Standard_M192idms_v2,,,192.0,4096,,44.889,4.93779,westeurope,V2
Standard_M192ids_v2,,,192.0,2048,,22.445,2.46895,westeurope,V2
Standard_M192ims_v2,,,192.0,4096,,44.3,4.873,westeurope,V2
Standard_M192is_v2,,,192.0,2048,,21.856,2.40416,westeurope,V2
Standard_M208ms_v2,,,208.0,5700,,53.544,5.88984,westeurope,V2
Standard_M208s_v2,,,208.0,2850,,26.772,2.94492,westeurope,V2
Standard_M24ds_v3,,,24.0,480,,4.57,1.1425,westeurope,V2
Standard_M24s_v3,,,24.0,480,,4.3,1.075,westeurope,V2
Standard_M32-16ms,,,32.0,875,,8.6044,0.946484,westeurope,"V1,V2"
Standard_M32-8ms,,,32.0,875,,8.6044,0.946484,westeurope,"V1,V2"
Standard_M32dms_v2,,,32.0,875,,8.604,0.94644,westeurope,V2
Standard_M32ls,,,32.0,256,,3.4476,0.379236,westeurope,"V1,V2"
Standard_M32ms,,,32.0,875,,8.6044,0.946484,westeurope,"V1,V2"
Standard_M32ms_v2,,,32.0,875,,8.457,0.93027,westeurope,V2
Standard_M32ts,,,32.0,192,,3.248,0.35728,westeurope,"V1,V2"
Standard_M416-208ms_v2,,,416.0,11400,,118.98,13.0878,westeurope,V2
Standard_M416-208s_v2,,,416.0,5700,,59.496,6.54456,westeurope,V2
Standard_M416ms_v2,,,416.0,11400,,118.98,13.0878,westeurope,V2
Standard_M416s_8_v2,,,416.0,7600,,79.75,8.7725,westeurope,V2
Standard_M416s_v2,,,416.0,5700,,59.496,6.54456,westeurope,V2
Standard_M48ds_1_v3,,,48.0,974,,9.27,2.3175,westeurope,V2
Standard_M48s_1_v3,,,48.0,974,,8.73,2.1825,westeurope,V2
Standard_M64,,,64.0,1024,,9.337,1.02707,westeurope,"V1,V2"
Standard_M64-16ms,,,64.0,1792,,14.472,1.59192,westeurope,"V1,V2"
Standard_M64-32ms,,,64.0,1792,,14.472,1.59192,westeurope,"V1,V2"
Standard_M64dms_v2,,,64.0,1792,,14.476,1.59236,westeurope,V2
Standard_M64ds_v2,,,64.0,1024,,9.337,1.02707,westeurope,V2
Standard_M64ls,,,64.0,512,,6.498,0.71478,westeurope,"V1,V2"
Standard_M64m,,,64.0,1792,,14.472,1.59192,westeurope,"V1,V2"
Standard_M64ms,,,64.0,1792,,14.472,1.59192,westeurope,"V1,V2"
Standard_M64ms_v2,,,64.0,1792,,14.181,1.55991,westeurope,V2
Standard_M64s,,,64.0,1024,,9.337,1.02707,westeurope,"V1,V2"
Standard_M64s_v2,,,64.0,1024,,9.042,0.99462,westeurope,V2
Standard_M8-2ms,,,8.0,218.75,,2.1511,0.236621,westeurope,"V1,V2"
Standard_M8-4ms,,,8.0,218.75,,2.1511,0.236621,westeurope,"V1,V2"
Standard_M8ms,,,8.0,218.75,,2.1511,0.236621,westeurope,"V1,V2"
Standard_M96ds_1_v3,,,96.0,974,,13.9,3.475,westeurope,V2
Standard_M96ds_2_v3,,,96.0,1946,,18.53,4.6325,westeurope,V2
Standard_M96s_1_v3,,,96.0,974,,13.08,3.27,westeurope,V2
Standard_M96s_2_v3,,,96.0,1946,,17.44,4.36,westeurope,V2
Standard_NC12s_v3,V100,2,12.0,224,V100,7.646,0.84106,westeurope,"V1,V2"
Standard_NC16as_T4_v3,T4,1,16.0,110,T4,1.505,0.18075,westeurope,"V1,V2"
Standard_NC24ads_A100_v4,A100-80GB,1,24.0,220,A100-80GB,4.775,0.730575,westeurope,V2
Standard_NC24rs_v3,V100,4,24.0,448,V100,16.821,1.85031,westeurope,"V1,V2"
Standard_NC24s_v3,V100,4,24.0,448,V100,15.292,1.68212,westeurope,"V1,V2"
Standard_NC40ads_H100_v5,H100,1,40.0,320,H100,9.08,9.08,westeurope,V2
Standard_NC48ads_A100_v4,A100-80GB,2,48.0,440,A100-80GB,9.55,1.46115,westeurope,V2
Standard_NC4as_T4_v3,T4,1,4.0,28,T4,0.658,0.079026,westeurope,"V1,V2"
Standard_NC64as_T4_v3,T4,4,64.0,440,T4,5.44,0.653344,westeurope,"V1,V2"
Standard_NC6s_v3,V100,1,6.0,112,V100,3.823,0.42053,westeurope,"V1,V2"
Standard_NC80adis_H100_v5,H100,2,80.0,640,H100,18.16,18.16,westeurope,V2
Standard_NC8as_T4_v3,T4,1,8.0,56,T4,0.94,0.112894,westeurope,"V1,V2"
Standard_NC96ads_A100_v4,A100-80GB,4,96.0,880,A100-80GB,19.1,2.9223,westeurope,V2
Standard_ND40rs_v2,V100-32GB,8,40.0,672,V100-32GB,27.526,3.179253,westeurope,V2
Standard_ND96amsr_A100_v4,A100-80GB,8,96.0,1800,A100-80GB,40.962,4.50582,westeurope,V2
Standard_ND96asr_v4,A100,8,96.0,900,A100,35.357,3.88927,westeurope,V2
Standard_ND96isr_H100_v5,H100,12,96.0,1900,H100,127.816,127.816,westeurope,V2
Standard_NG16ads_V620_v1,,,16.0,32,,2.36,0.59,westeurope,"V1,V2"
Standard_NG32adms_V620_v1,,,32.0,176,,,,westeurope,"V1,V2"
Standard_NG32ads_V620_v1,,,32.0,64,,4.719,1.17975,westeurope,"V1,V2"
Standard_NG8ads_V620_v1,,,8.0,16,,1.18,0.295,westeurope,"V1,V2"
Standard_NP10s,,,10.0,168,,2.145,0.23595,westeurope,V1
Standard_NP20s,,,20.0,336,,4.29,0.4719,westeurope,"V1,V2"
Standard_NP40s,,,40.0,672,,8.58,0.9438,westeurope,"V1,V2"
Standard_NV12s_v3,M60,1,12.0,112,M60,1.426,0.15686,westeurope,"V1,V2"
Standard_NV16as_v4,Radeon MI25,1,16.0,56,Radeon MI25,1.165,0.12815,westeurope,"V1,V2"
Standard_NV24s_v3,M60,2,24.0,224,M60,2.85,0.3135,westeurope,"V1,V2"
Standard_NV32as_v4,Radeon MI25,1,32.0,112,Radeon MI25,2.33,0.2563,westeurope,"V1,V2"
Standard_NV36adms_A10_v5,A10,1,36.0,880,A10,5.876,1.469,westeurope,"V1,V2"
Standard_NV36ads_A10_v5,A10,1,36.0,440,A10,4.16,1.04,westeurope,"V1,V2"
Standard_NV48s_v3,M60,4,48.0,448,M60,5.7,0.627,westeurope,"V1,V2"
Standard_NV4as_v4,Radeon MI25,1,4.0,14,Radeon MI25,0.291,0.03201,westeurope,"V1,V2"
Standard_NV72ads_A10_v5,A10,2,72.0,880,A10,8.476,2.119,westeurope,"V1,V2"
Standard_NV8as_v4,Radeon MI25,1,8.0,28,Radeon MI25,0.582,0.06402,westeurope,"V1,V2"
